name,lane,kind,area,address,website,lat,lon,wikidata,image_license,image_local_path
22,Social & nightlife,Pub,Reykjavik,,,64.1456313,-21.9291732,,,
Ægir,Social & nightlife,Pub,Reykjavik,,,64.1463922,-21.9327839,,,
American Bar,Social & nightlife,Pub,Austurstræti,"Austurstræti 8-10, 101 Reykjavík",,64.1476951,-21.940116,,,
Áslákur,Social & nightlife,Pub,Reykjavik,,,64.166874,-21.6927207,,,
Auto,Social & nightlife,Nightclub,Reykjavik,,https://www.autoclub.is/,64.1469101,-21.9372464,,,
Billiardbarinn,Social & nightlife,Pub,Reykjavik,,,64.1287706,-21.8660783,,,
Bird,Social & nightlife,Pub,Reykjavik,,,64.1486444,-21.9398559,,,
BrewDog,Social & nightlife,Pub,Reykjavik,,https://www.brewdog.com/bars/worldwide/reykjavik,64.14547,-21.9246286,,,
Café Bar 8,Social & nightlife,Bar,Reykjavik,,,64.1052642,-21.8150646,,,
Catalina,Social & nightlife,Pub,Hamraborg,"Hamraborg 11, 200 Kópavogur",https://www.facebook.com/Cafe-Catalina-117306961641876,64.1126745,-21.9022563,,,
Classik Rock,Social & nightlife,Pub,Reykjavik,,,64.1388421,-21.885631,,,
Crystal Champagne Bar,Social & nightlife,Pub,Reykjavik,,,64.1487969,-21.9404036,,,
Daisy,Social & nightlife,Bar,Ingólfsstræti,"Ingólfsstræti 8, 101",,64.1463017,-21.9340774,,,
Den Danske Kro,Social & nightlife,Pub,Reykjavik,,,64.1463823,-21.9336621,,,
Dillon,Social & nightlife,Bar,Reykjavik,,https://www.dillon.is/,64.1452697,-21.9274726,,,
Dillon sportbar,Social & nightlife,Pub,Reykjavik,,,64.0796716,-21.9459867,,,
Djúpið,Social & nightlife,Bar,Reykjavik,,,64.1481484,-21.9380614,,,
Domo,Social & nightlife,Bar,Reykjavik,,,64.1463368,-21.9345772,,,
Drykk,Social & nightlife,Bar,Reykjavik,,,64.1477478,-21.9381537,,,
Efri,Social & nightlife,Bar,Drafnarfell,"Drafnarfell 14-18, 111",https://www.facebook.com/p/EFRI-61574648773864/,64.1012646,-21.8237901,,,
Einstök Bar,Social & nightlife,Bar,Laugavegur,Laugavegur 10,,64.1461094,-21.9314276,,,
Ellý,Social & nightlife,Bar,Reykjavik,,,64.1460455,-21.9311763,,,
Enski barinn / English Pub,Social & nightlife,Pub,Flatahraun,"Flatahraun 5a, 220 Hafnarfjörður",https://enskibarinn.is/,64.0757376,-21.9471992,,,
Forsetinn,Social & nightlife,Pub,Reykjavik,,,64.1447328,-21.9239287,,,
Freyja Bistro Pub,Social & nightlife,Pub,Frakkastígur,"Frakkastígur 9, 101 Reykjavík",,64.1451145,-21.924592,,,
Gamli Gaukurinn,Social & nightlife,Pub,Reykjavik,,,64.148706,-21.9401271,,,
Gilligogg,Social & nightlife,Bar,Reykjavik,,,64.1474988,-21.9391727,,,
Gullöldin,Social & nightlife,Pub,Hverafold,"Hverafold 5, 112",,64.1341151,-21.7983662,,,
HAX,Social & nightlife,Nightclub,Reykjavik,,,64.1466042,-21.9306686,,,
Hlemmur Square,Social & nightlife,Bar,Laugavegur,"Laugavegur 105, 105 Reykjavík",,64.1432038,-21.9150377,,,
Íslenski Barinn,Social & nightlife,Pub,Ingólfsstræti,"Ingólfsstræti 1a, 101 Reykjavík",https://islenskibarinn.is/,64.146924,-21.933137,,,
Kaffibarinn,Social & nightlife,Pub,Reykjavik,,,64.1459542,-21.9313261,,,
Kaldi Bar,Social & nightlife,Pub,Klapparstígur,"Klapparstígur 40, 101 Reykjavík",http://www.kaldibar.com/,64.1455213,-21.9295271,,,
KíKí Queer Bar,Social & nightlife,Bar,Laugavegur,"Laugavegur 22, 101 Reykjavík",http://www.kiki.is/,64.145577,-21.9292401,,,
Klaustur Bar,Social & nightlife,Pub,Reykjavik,,,64.1464162,-21.9397348,,,
Klúbburinn Gullinbrú,Social & nightlife,Pub,Stórhöfði,"Stórhöfði 17, 110",,64.1290068,-21.8107316,,,
Kramber,Social & nightlife,Bar,Reykjavik,,,64.1453369,-21.9322797,,,
Lebowski Bar,Social & nightlife,Bar,Laugavegur,"Laugavegur 20a, 101 Reykjavík",https://www.lebowskibar.is,64.1456877,-21.9296579,,,
Lemmy,Social & nightlife,Bar,Reykjavik,,,64.1473923,-21.9378544,,,
Loft bar,Social & nightlife,Bar,Bankastræti,"Bankastræti 7, 101",,64.1467805,-21.9338254,,,
Lux,Social & nightlife,Nightclub,Reykjavík,Reykjavík,,64.1478956,-21.9399249,,,
Matbar,Social & nightlife,Pub,Reykjavik,,https://Matbar.is,64.1465577,-21.9303364,,,
Mengi,Social & nightlife,Nightclub,Reykjavik,,https://mengi.net/,64.1449558,-21.9316947,,,
Miami,Social & nightlife,Bar,Hverfisgata,"Hverfisgata 33, 101 Reykjavík",,64.1465811,-21.9292615,,,
Micro Bar,Social & nightlife,Pub,Vesturgata,"Vesturgata 2, 101 Reykjavík",,64.1434869,-21.9182958,,,
Moe's Bar,Social & nightlife,Pub,Jafnasel,"Jafnasel 6, 109",http://www.moesbar.is,64.0974073,-21.8257199,,,
Oche Reykjavík,Social & nightlife,Pub,Kringlan,"Kringlan 4-12, 103 Reykjavík",https://oche.com/is/reykjavik,64.1297482,-21.8949001,,,
Ölsmiðjan,Social & nightlife,Pub,Reykjavik,,,64.1462611,-21.938343,,,
Ölstofa,Social & nightlife,Pub,Vegamótastígur,"Vegamótastígur 4, 101 Reykjavík",,64.1455718,-21.9309694,,,
Pablo Discobar,Social & nightlife,Bar,Reykjavik,,http://www.burro.is,64.1481537,-21.9405294,,,
Paloma,Social & nightlife,Nightclub,Reykjavik,,https://www.facebook.com/BarPaloma,64.1485844,-21.9403003,,,
Petersen svítan,Social & nightlife,Bar,Ingólfsstræti,"Ingólfsstræti 2a, 101 Reykjavík",,64.1469153,-21.9335769,,,
Players,Social & nightlife,Pub,Reykjavik,,,64.0995583,-21.875753,,,
Port 9,Social & nightlife,Bar,Reykjavik,,,64.146443,-21.9269998,,,
Prikið,Social & nightlife,Pub,Reykjavik,,,64.1465256,-21.9335808,,,
Publin,Social & nightlife,Pub,Reykjavik,,,64.1098725,-21.8582765,,,
Radar Reykjavik,Social & nightlife,Nightclub,Reykjavik,,,64.1486536,-21.9402086,,,
Reykjavík Bar,Social & nightlife,Bar,Reykjavik,,,64.1452033,-21.9245539,,,
Reykjavík Sportbar,Social & nightlife,Bar,Reykjavik,,,64.1461519,-21.9281718,,,
Röntgen,Social & nightlife,Pub,Reykjavik,,,64.1470956,-21.9329716,,,
RVK Bruggfélag Tónabíó,Social & nightlife,Pub,Skipholt,"Skipholt 33, 105 Reykjavík",https://www.rvkbruggfelag.is/tonabio,64.1403774,-21.8996936,,,
Sæmundur í Sparifötunum KEX,Social & nightlife,Pub,Reykjavik,,,64.1454825,-21.9195562,,,
Session Craft Bar,Social & nightlife,Bar,Bankastræti,"Bankastræti 14, 101 Reykjavík",https://www.sessionrvk.is/,64.1463633,-21.9332237,,,
Skuggi,Social & nightlife,Bar,Reykjavik,,,64.1471929,-21.9386596,,,
Skúli Craft,Social & nightlife,Pub,Aðalstræti,"Aðalstræti 9, 101 Reykjavík",,64.1475268,-21.9416336,,,
SKÝ Restaurant & Bar,Social & nightlife,Bar,Ingólfsstræti,"Ingólfsstræti 1, 101 Reykjavík",,64.1492129,-21.9307235,,,
Slippbarinn,Social & nightlife,Bar,Mýrargata,"Mýrargata 2, 101 Reykjavík",https://www.icelandairhotels.com/hotels/reykjavikmarina,64.1510227,-21.9461185,,,
Snorrabar,Social & nightlife,Bar,Reykjavik,,,64.1407051,-21.9196424,,,
Sólon,Social & nightlife,Bar,Reykjavik,,,64.1467658,-21.933708,,,
Sport & grill,Social & nightlife,Bar,Reykjavik,,,64.1007582,-21.8821113,,,
Sportbarinn Ölver,Social & nightlife,Pub,Reykjavik,,https://sportbarinn.is,64.1340289,-21.8681846,,,
Spot,Social & nightlife,Pub,Reykjavik,,,64.1000842,-21.8768442,,,
Stúdentakjallarinn,Social & nightlife,Pub,Reykjavik,,https://www.studentakjallarinn.is/,64.1400828,-21.9500477,,,
Studio,Social & nightlife,Bar,Reykjavik,,,64.1458239,-21.9324702,,,
Svarta Kaffið,Social & nightlife,Pub,Reykjavik,,,64.1444939,-21.9234949,,,
The Downtown Bar,Social & nightlife,Bar,Reykjavik,,,64.1466293,-21.9376729,,,
The Drunk Rabbit,Social & nightlife,Pub,Reykjavík,Reykjavík,,64.1479756,-21.9401534,,,
The Dubliner,Social & nightlife,Pub,Reykjavik,,,64.1485454,-21.9402744,,,
The English Pub,Social & nightlife,Pub,Austurstræti,"Austurstræti 12, 101 Reykjavík",https://www.enskibarinn.is,64.1475636,-21.9392855,,,
The Irishman Pub,Social & nightlife,Pub,Reykjavik,,,64.1460619,-21.9288021,,,
The Jungle Cocktail Bar,Social & nightlife,Bar,Reykjavík,Reykjavík,https://www.facebook.com/jungle.rvk/,64.1478476,-21.9396283,,,
The Roof,Social & nightlife,Bar,Austurbakki,"Austurbakki 2, 101",https://www.editionhotels.com/reykjavik/restaurants-and-bars/the-roof/,64.1498465,-21.9351151,,,
Tipsy,Social & nightlife,Bar,Laugavegur,"Laugavegur 1, 101 Reykjavík",,64.1483738,-21.9404822,,,
Tjarnarbarinn,Social & nightlife,Bar,Reykjavík,Reykjavík,,64.1461514,-21.9435813,,,
Tres Locos,Social & nightlife,Bar,Reykjavik,,,64.1481512,-21.940294,,,
Uppi,Social & nightlife,Bar,Reykjavik,,,64.147702,-21.9422747,,,
Uppsalir,Social & nightlife,Bar,Reykjavík,Reykjavík,http://en.hotelcentrum.is/about-us/uppsalir,64.1474475,-21.9425607,,,
Veður,Social & nightlife,Bar,Klapparstígur,"Klapparstígur 33, 101",https://vedurbarinn.is/,64.1455096,-21.9292609,,,
Vietnamskar veitingar,Social & nightlife,Bar,Reykjavik,,,64.1051768,-21.8151424,,,
Vox Bar,Social & nightlife,Bar,Suðurlandsbraut,"Suðurlandsbraut 2, 108 Reykjavík",,64.1397147,-21.8893564,,,
Þingholtsbar,Social & nightlife,Bar,Þingholtsstræti,"Þingholtsstræti 3-5, 101",,64.1464988,-21.9343741,,,
101 Bistro,Food & drink,Restaurant,Austurstræti,"Austurstræti 3, 101 Reykjavík",https://101bistro.is,64.1479859,-21.9404421,,,
1st floor Kaffi Bar,Food & drink,Cafe,Reykjavik,,,64.1434276,-21.9158514,,,
27 Mathús & Bar,Food & drink,Restaurant,Víkurhvarf,"Víkurhvarf 1, 203 Kópavogur",https://www.27mathus.is/,64.0940881,-21.8087989,,,
2Guys,Food & drink,Restaurant,Reykjavik,,,64.1431867,-21.9149021,,,
A. Hansen,Food & drink,Restaurant,Vesturgata,"Vesturgata, 220",https://www.ahansen.is,64.0699391,-21.9589682,,,
AALTO Bistro,Food & drink,Cafe,Sturlugata,"Sturlugata 5, 102 Reykjavík",http://www.aalto.is,64.1382066,-21.9466704,,,
Aleppo Cafe,Food & drink,Cafe,Tryggvagata,"Tryggvagata 13, 101 Reykjavík",,64.1496343,-21.9419088,,,
Álfagarðurinn,Food & drink,Cafe,Reykjavik,,http://www.alfagardurinn.is,64.0716067,-21.9569218,,,
Ali Baba,Food & drink,Restaurant,Reykjavik,,https://alibaba.is/en/,64.150736,-21.7891392,,,
American Style,Food & drink,Restaurant,Nýbýlavegur,"Nýbýlavegur 22, 200 Kópavogur",,64.1140748,-21.891385,,,
Apotek,Food & drink,Restaurant,Austurstræti,"Austurstræti 16, 101 Reykjavík",https://www.apotek.is,64.1474266,-21.9385041,,,
Arabian Taste,Food & drink,Restaurant,Reykjavik,,,64.1436537,-21.9181709,,,
Askur,Food & drink,Restaurant,Reykjavik,,https://askur.is/,64.1399239,-21.8853434,,,
Austur Indíafélagið,Food & drink,Restaurant,Hverfisgata,"Hverfisgata 56, 101 Reykjavík",https://www.austurindia.is/,64.1456641,-21.9256464,,,
B bar Iþta,Food & drink,Restaurant,Reykjavik,"1, 101",,64.1491281,-21.9417772,,,
Baboo Tea,Food & drink,Cafe,Reykjavik,,,64.1460218,-21.9331298,,,
BakaBaka,Food & drink,Restaurant,Bankastræti,"Bankastræti 2, 101 Reykjavík",https://www.bakabaka.is/,64.146912,-21.9357708,,,
Bakarameistarinn,Food & drink,Cafe,Reykjavik,,,64.1337416,-21.8682651,,,
Bakarí Kaffihús,Food & drink,Restaurant,Borgartún,"Borgartún, 105",,64.1461263,-21.8997266,,,
Bakhúsið,Food & drink,Restaurant,Reykjavik,,,64.0803911,-21.9472531,,,
Bambus,Food & drink,Restaurant,Reykjavik,,,64.1451287,-21.9082588,,,
Ban Kúnn,Food & drink,Restaurant,Reykjavik,,,64.0525757,-21.9793422,,,
Ban Thai,Food & drink,Restaurant,Laugavegur,"Laugavegur 130, 105 Reykjavík",,64.142915,-21.911988,,,
Bankinn Bistro,Food & drink,Restaurant,Mosfellsbær,Mosfellsbær,,64.1671506,-21.6986112,,,
Barber Bistro Bar,Food & drink,Cafe,Reykjavik,,http://www.barberbistro.is,64.1440632,-21.9212689,,,
Bastard,Food & drink,Restaurant,Vegamótastígur,"Vegamótastígur, 101 Reykjavík",https://bastard.is/,64.1457425,-21.9307468,,,
Bergsson Mathús,Food & drink,Restaurant,Reykjavik,101,https://bergsson.is/,64.1463101,-21.9398907,,,
Bergsson RE,Food & drink,Cafe,Reykjavik,,https://bergsson.is/,64.1542413,-21.9451227,,,
Bjórgarðurinn,Food & drink,Restaurant,Reykjavik,,https://www.bjorgardurinn.is/,64.1444824,-21.9099266,,,
Blik Bistro,Food & drink,Restaurant,Æðarhöfði,Æðarhöfði 36,https://www.blikbistro.is/,64.1661717,-21.7347298,,,
Bókasamlagið,Food & drink,Cafe,Skipholt,Skipholt 19,https://www.bokasamlagid.is/,64.1412097,-21.9054368,,,
Bombay Bazaar,Food & drink,Restaurant,Reykjavik,,,64.138238,-21.8844132,,,
Borg Restaurant,Food & drink,Restaurant,Reykjavik,,,64.1469411,-21.9387911,,,
Bragðlaukar,Food & drink,Restaurant,Gnoðarvogur,"Gnoðarvogur 44, 104 Reykjavík",https://bragdlaukar.is/,64.1305052,-21.8615377,,,
Bragðlaukar,Food & drink,Restaurant,Urðarhvarf,"Urðarhvarf 4, 203 Kópavogur",https://bragdlaukar.is/,64.0960954,-21.8068977,,,
Bragginn,Food & drink,Restaurant,Reykjavik,,,64.1221912,-21.9301479,,,
Brasserie Krasnes,Food & drink,Restaurant,Hafnarbraut,"Hafnarbraut 13b, 200 Kópavogur",https://brasseriekarsnes.is/,64.1130297,-21.9376702,,,
Brikk - brauð & eldhús,Food & drink,Cafe,Hafnarbraut,"Hafnarbraut 15 c, 200 Kópavogur",https://brikk.is,64.1130062,-21.9389896,,,
Bríó Nr. 1,Food & drink,Restaurant,Reykjavik,,,64.1532432,-21.9504535,,,
Bruggstofan,Food & drink,Restaurant,Snorrabraut,Snorrabraut 56,https://www.bruggstofan.com/,64.1397328,-21.8992057,,,
Brut,Food & drink,Restaurant,Reykjavik,,,64.1481521,-21.93838,,,
Bryggjan Brugghús,Food & drink,Restaurant,Grandagarður,"Grandagarður 8, 101 Reykjavík",https://www.bryggjanbrugghus.is/,64.1530234,-21.9493305,,,
Café Babalú,Food & drink,Cafe,Skólavörðustígur,"Skólavörðustígur 22a, 101",,64.1440779,-21.9301631,,,
Café Bristól,Food & drink,Cafe,Reykjavik,,,64.1405945,-21.7532633,,,
Café Haiti,Food & drink,Cafe,Reykjavik,,,64.1507385,-21.9433757,,,
Café Loki,Food & drink,Cafe,Lokastígur,"Lokastígur 28, 101",https://loki.is/,64.1424313,-21.9288498,,,
Café Meski,Food & drink,Cafe,Faxafen,"Faxafen 9, 108",,64.1296347,-21.8651953,,,
Café Rósenberg,Food & drink,Cafe,Vesturgata,"Vesturgata 3, 101",,64.1487881,-21.9420487,,,
Castello,Food & drink,Restaurant,Reykjavik,,,64.1044794,-21.876222,,,
Castello,Food & drink,Restaurant,Dalshraun,"Dalshraun 13, 220 Hafnarfjörður",https://castello.is,64.0797355,-21.9423108,,,
Coocoo's Nest,Food & drink,Cafe,Grandagarður,"Grandagarður 23, 101 Reykjavík",https://www.coocoosnest.is/,64.1535713,-21.9487356,,,
Craft Burger Kitchen,Food & drink,Restaurant,Nýbýlavegur,"Nýbýlavegur 8, 200 Kópavogur",https://cbk.is,64.1142896,-21.8960358,,,
Culiacan,Food & drink,Restaurant,Reykjavik,,,64.1399248,-21.8857805,,,
Dalur,Food & drink,Cafe,Reykjavik,,,64.1465017,-21.8747295,,,
Dass Reykjavík,Food & drink,Restaurant,Vegamótastígur,"Vegamótastígur 7, 101 Reykjavík",https://www.dassreykjavik.is,64.1455522,-21.9305474,,,
Deli,Food & drink,Cafe,Mýrargata,"Mýrargata 12, 101 Reykjavík",https://www.icelandairhotels.com/hotels/reykjavikmarina,64.1512495,-21.9471832,,,
Dill,Food & drink,Restaurant,Laugavegur,"Laugavegur 59, 101 Reykjavík",https://www.dillrestaurant.is/,64.1445363,-21.922476,Q30612216,CC BY 2.0,/place-images/reykjavik/dill-0aeca160.jpg
Dillon Kjallarinn,Food & drink,Restaurant,Laugavegur,"Laugavegur 30, 101",,64.14526,-21.9273785,,,
Dirty Burger & Ribs,Food & drink,Restaurant,Austurstræti,"Austurstræti 10, 101 Reykjavík",https://dbr.is/,64.1476858,-21.9400096,,,
Djúsi Sushi,Food & drink,Restaurant,Reykjavik,,,64.1476514,-21.9381376,,,
Dong Huang,Food & drink,Restaurant,Reykjavíkurvegur,"Reykjavíkurvegur, 220",,64.0793994,-21.9484406,,,
Dragon Dim Sum,Food & drink,Restaurant,Reykjavik,,,64.1504343,-21.9430377,,,
Duck and Rose,Food & drink,Cafe,Austurstræti,"Austurstræti 14, 101 Reykjavík",https://www.facebook.com/duckandroservk/,64.1474984,-21.9389465,,,
Durum,Food & drink,Restaurant,Reykjavik,,,64.1448312,-21.9252418,,,
EIRIKSDOTTIR Gróska,Food & drink,Restaurant,Reykjavik,,https://eiriksdottir.is/,64.1362611,-21.9473954,,,
Eiriksson Brasserie,Food & drink,Restaurant,Reykjavik,,,64.1438537,-21.9192324,,,
Eldofninn,Food & drink,Restaurant,Bústaðavegur,"Bústaðavegur, 108 Reykjavík",https://eldofninn.is/,64.1221614,-21.8755795,,,
Eldsmiðjan,Food & drink,Restaurant,Laugavegur,"Laugavegur 81, 101 Reykjavík",https://eldsmidjan.is/,64.1437116,-21.9187121,,,
Eldsmíðjan,Food & drink,Restaurant,Reykjavik,,,64.1393119,-21.8813942,,,
Eldur og Ís,Food & drink,Cafe,Skólavörðustígur,"Skólavörðustígur, 101 Reykjavík",,64.146287,-21.933134,,,
Enoteca,Food & drink,Restaurant,Reykjavik,,,64.1476636,-21.9379954,,,
Esjustofa,Food & drink,Restaurant,Mógilsárvegur,"Mógilsárvegur 1, 162",,64.2092638,-21.7124023,,,
Finsen,Food & drink,Restaurant,Reykjavik,,,64.1476227,-21.9381644,,,
Fiskfélagið,Food & drink,Restaurant,Vesturgata,"Vesturgata 2a, 101",https://www.fiskfelagid.is/,64.1489232,-21.9415366,,,
Fiskmarkaðurinn,Food & drink,Restaurant,Aðalstræti,"Aðalstræti 12, 101 Reykjavík",https://fiskmarkadurinn.is/,64.1477313,-21.9422603,,,
Fjalakötturinn,Food & drink,Restaurant,Reykjavík,Reykjavík,,64.1474866,-21.9424345,,,
Fjallkonan,Food & drink,Restaurant,Hafnarstræti,"Hafnarstræti 1-3, 101 Reykjavík",https://fjallkona.is,64.1484244,-21.9408498,,,
Fjárhúsið,Food & drink,Restaurant,Reykjavik,,https://fjarhusid.com,64.1432698,-21.9143228,,,
Fjörukráin,Food & drink,Restaurant,Reykjavik,,,64.065204,-21.9559594,,,
Flatbakan,Food & drink,Restaurant,Bæjarlind,"Bæjarlind 2, 201 Kópavogur",https://www.flatbakan.is/,64.0992579,-21.8743862,,,
Flatbakan,Food & drink,Restaurant,Bíldshöfði,"Bíldshöfði 9, 109 Reykjavík",https://www.flatbakan.is/,64.1260898,-21.8213494,,,
Flatey,Food & drink,Restaurant,Grandagarður,"Grandagarður 11, 101 Reykjavík",https://www.flateypizza.is/,64.1532834,-21.9501013,,,
Flatey,Food & drink,Restaurant,Kringlan,"Kringlan, 103 Reykjavík",https://www.flateypizza.is/,64.1301098,-21.8943738,,,
FlyOver Iceland,Food & drink,Cafe,Reykjavik,,,64.1565775,-21.9487861,,,
Fönix,Food & drink,Restaurant,Reykjavik,,,64.1251742,-21.8205283,,,
Forréttabarinn,Food & drink,Restaurant,Nýlendugata,"Nýlendugata 14, 101 Reykjavík",https://www.forrettabarinn.is/,64.1507948,-21.946257,,,
Fresco,Food & drink,Restaurant,Reykjavik,,,64.130927,-21.8664744,,,
Friðrik V,Food & drink,Restaurant,Laugavegur,"Laugavegur 60, 101 Reykjavík",,64.144329,-21.9225112,,,
Fuku Mama,Food & drink,Restaurant,Reykjavik,,,64.1476379,-21.9380075,,,
Funky Bhangra,Food & drink,Restaurant,Reykjavik,,,64.1477473,-21.9383186,,,
Gamla bókasafnið,Food & drink,Cafe,Reykjavik,,,64.0681357,-21.9513726,,,
Gamla Ísland,Food & drink,Restaurant,Laugavegur,"Laugavegur 72, 101",https://oldiceland.is/,64.1438749,-21.9203524,,,
Gandhi,Food & drink,Restaurant,Reykjavik,,https://gandhi.is/,64.1446341,-21.9330248,,,
Garðurinn,Food & drink,Cafe,Reykjavik,,https://kaffigardurinn.is/,64.1447998,-21.9297363,,,
Gardurinn Klappastigur,Food & drink,Restaurant,Reykjavik,,https://kaffigardurinn.is/,64.1464074,-21.9284409,,,
Geiri Smart,Food & drink,Restaurant,Hverfisgata,"Hverfisgata 32, 101 Reykjavík",,64.1464103,-21.9295394,,,
Gló,Food & drink,Restaurant,Laugavegur,"Laugavegur 20b, 101",https://www.glo.is/,64.1456269,-21.9294523,,,
Gló,Food & drink,Restaurant,Reykjavik,,,64.1408532,-21.8858143,,,
Gló,Food & drink,Restaurant,Fákafen,"Fákafen 11, 108 Reykjavík",https://www.glo.is/,64.1295036,-21.8642075,,,
Glósteinn,Food & drink,Restaurant,Nethylur,"Nethylur 2, 110 Reykjavík",https://glosteinn.is/,64.121466,-21.8127601,,,
Grái kötturinn,Food & drink,Cafe,Reykjavik,,,64.146947,-21.9323266,,,
Grillhúsið,Food & drink,Restaurant,Bústaðavegur,"Bústaðavegur 153, 108",,64.1205771,-21.8480786,,,
Grillmarkaðurinn,Food & drink,Restaurant,Reykjavik,,,64.1471522,-21.9373009,,,
Grýtan,Food & drink,Restaurant,Reykjavik,,,64.1451578,-21.9185511,,,
Háma,Food & drink,Restaurant,Reykjavik,,https://www.fs.is/is/hama/,64.1400117,-21.9502109,,,
Hamboragar bullan,Food & drink,Restaurant,Reykjavik,,,64.1507525,-21.7892162,,,
Hamborgarafabrikkan,Food & drink,Restaurant,Katrínartún,"Katrínartún 2, 105",https://fabrikkan.is/,64.1451465,-21.9072053,,,
Hannesarholt,Food & drink,Restaurant,Reykjavik,,,64.1442763,-21.9356448,,,
Happ,Food & drink,Restaurant,Reykjavik,,,64.1447404,-21.907733,,,
Hard Rock Cafe,Food & drink,Restaurant,Reykjavik,101,https://hardrock.com/,64.1469665,-21.9371682,,,
Harry's,Food & drink,Restaurant,Reykjavik,,,64.1407039,-21.9146764,,,
Harry's Restaurant,Food & drink,Restaurant,Laugavegur,"Laugavegur 84, 101 Reykjavík",,64.1435443,-21.9186055,,,
Haust Restaurant,Food & drink,Restaurant,Reykjavik,,https://www.haustrestaurant.is/,64.1443717,-21.9096144,,,
Héðinn Kitchen & Bar,Food & drink,Restaurant,Reykjavik,,,64.1519904,-21.9515698,,,
Hereford Steikhús,Food & drink,Restaurant,Reykjavik,,,64.1447244,-21.9235752,,,
Himalayan Spice Restaurant and Bar,Food & drink,Restaurant,Reykjavik,101,https://www.himalayanspice.is/,64.1509355,-21.9441117,,,
Hjartað,Food & drink,Restaurant,Reykjavik,,,64.105463,-21.8924673,,,
Höfnin,Food & drink,Restaurant,Reykjavik,,,64.1507929,-21.9432343,,,
Hornið,Food & drink,Restaurant,Reykjavík,Reykjavík,,64.1480398,-21.9381541,,,
Hraðlestin,Food & drink,Restaurant,Grensásvegur,"Grensásvegur 3, 108 Reykjavík",https://www.hradlestin.is/,64.1324723,-21.8727727,,,
Hraðlestin,Food & drink,Restaurant,Hverfisgata,"Hverfisgata, 101 Reykjavík",,64.145366,-21.9241135,,,
Hressó,Food & drink,Restaurant,Austurstræti,Austurstræti 20,https://hresso.com/,64.1473724,-21.9378009,,,
Hygge Coffee & Micro Bakery,Food & drink,Cafe,Reykjavik,,,64.1516795,-21.952573,,,
Icelandic Street Food,Food & drink,Restaurant,Reykjavik,,https://www.icelandicfoods.com/,64.1464497,-21.9380388,,,
Iða,Food & drink,Cafe,Vesturgata,"Vesturgata 2a, 101",http://ida.is/,64.1489442,-21.9414711,,,
Iðnó,Food & drink,Restaurant,Reykjavik,,,64.1458699,-21.9401854,,,
Indian Curry House,Food & drink,Restaurant,Vesturgata,"Vesturgata 12, 101 Reykjavík",https://www.indiancurryhouse.is/,64.1496834,-21.9433458,,,
Indian Food Box,Food & drink,Restaurant,Langirimi,"Langirimi 21, 112 Reykjavík",https://indianfoodbox.is,64.1446187,-21.7924304,,,
Ís-Grill,Food & drink,Restaurant,Réttarholtsvegur,"Réttarholtsvegur 1, 108 Reykjavík",,64.1256841,-21.8634633,,,
Ísafold,Food & drink,Restaurant,Þingholtsstræti,"Þingholtsstræti 5, 101",https://www.isafoldrestaurant.com/,64.1463177,-21.9345903,,,
Joe & The Juice,Food & drink,Cafe,Reykjavik,,,64.1010275,-21.8827675,,,
Joe & The Juice,Food & drink,Cafe,Miklabraut,"Miklabraut, 103 Reykjavík",https://www.joeandthejuice.is,64.1319735,-21.8930998,,,
Joe & The Juice,Food & drink,Cafe,Birkimelur,"Birkimelur, 107",,64.1421207,-21.9528544,,,
Jómfrúin,Food & drink,Restaurant,Reykjavik,,,64.1468583,-21.937356,,,
Jörgensen Kitchen and Bar,Food & drink,Restaurant,Laugavegur,"Laugavegur 120, 105 Reykjavík",,64.142717,-21.9135008,,,
Kaffi Flóran,Food & drink,Cafe,Reykjavik,,https://www.floran.is/,64.1401579,-21.8686526,,,
Kaffi laugalækur,Food & drink,Cafe,Laugarnesvegur,Laugarnesvegur 74a,https://www.laekur.is/,64.1486428,-21.8850257,,,
Kaffi Ó-le,Food & drink,Cafe,Reykjavik,,,64.1481946,-21.9391863,,,
Kaffibrennslan,Food & drink,Cafe,Laugavegur,"Laugavegur 21, 101 Reykjavík",,64.1458137,-21.9293863,,,
Kaffifélagið,Food & drink,Cafe,Skólavörðustígur,"Skólavörðustígur, 101 Reykjavík",,64.145774,-21.932382,,,
Kaffihús Vesturbæjar,Food & drink,Cafe,Melhagi,"Melhagi 20-22, 107 Reykjavík",http://www.kaffihusvesturbaejar.is/,64.1440635,-21.9610945,,,
Kaffitár,Food & drink,Cafe,Reykjavik,,,64.10115,-21.8843789,,,
Kaffivagninn,Food & drink,Cafe,Grandagarður,"Grandagarður 10, 101 Reykjavík",,64.1535785,-21.9475391,,,
Kaktus Esperssobar,Food & drink,Cafe,Vitastígur,"Vitastígur 12, 101 Reykjavík",https://www.instagram.com/kaktusespressobar/,64.1438864,-21.9223052,,,
Kattakaffihúsið,Food & drink,Cafe,Reykjavik,,https://www.kattakaffihusid.is/,64.1450637,-21.9329138,,,
Kebab Grill,Food & drink,Restaurant,Reykjavik,,,64.1463166,-21.9382459,,,
Kínahofið,Food & drink,Restaurant,Nýbýlavegur,"Nýbýlavegur 20, 200 Kópavogur",,64.114058,-21.8917424,,,
Kitchen & Wine Restaurant,Food & drink,Restaurant,Ingólfsstræti,"Ingólfsstræti, 101 Reykjavík",,64.1470911,-21.9333524,,,
Kitchen-Eldhús,Food & drink,Restaurant,Laugavegur,"Laugavegur 60a, 101 Reykjavík",http://kitchen-eldhus.is,64.144305,-21.9223867,,,
Kjallarinn,Food & drink,Restaurant,Vesturgata,Vesturgata 1,,64.1486344,-21.9419312,,,
Kjarvalsstaðir,Food & drink,Cafe,Reykjavik,,,64.1378803,-21.9134539,,,
Kol Kitchen & Bar,Food & drink,Restaurant,Skólavörðustígur,"Skólavörðustígur, 101 Reykjavík",,64.1429966,-21.9286334,,,
Kopar,Food & drink,Restaurant,Reykjavik,,,64.1511049,-21.9438401,,,
Kornhlaðan,Food & drink,Restaurant,Reykjavik,,https://www.laekjarbrekka.is/banquet-halls,64.1467234,-21.9357304,,,
Kröst,Food & drink,Restaurant,Laugavegur,"Laugavegur 74, 101 Reykjavík",,64.1438101,-21.9200045,,,
Kröst,Food & drink,Restaurant,Reykjavik,,https://krost.is/,64.143157,-21.9141891,,,
Krua Thai,Food & drink,Restaurant,Skólavörðustígur,"Skólavörðustígur 21a, 101 Reykjavík",https://kruathai.is,64.1443784,-21.9301149,,,
Krua Thai,Food & drink,Restaurant,Bæjarlind,"Bæjarlind 14, 201 Kópavogur",https://kruathai.is,64.0992776,-21.8784407,,,
Kruska Reykjavik,Food & drink,Restaurant,Suðurlandsbraut,"Suðurlandsbraut, 108",,64.1392492,-21.8812284,,,
Krydd Veitingahús,Food & drink,Restaurant,Reykjavik,,https://www.kryddveitingahus.is/,64.0677264,-21.9552933,,,
Lamb Street Food,Food & drink,Restaurant,Reykjavik,,,64.1532398,-21.9505391,,,
Le Kock,Food & drink,Restaurant,Tryggvagata,"Tryggvagata 14, 101 Reykjavík",https://www.lekock.is,64.1501199,-21.9434116,,,
Lemon,Food & drink,Cafe,Reykjavik,,,64.1443973,-21.9230106,,,
Litla kaffistofan,Food & drink,Cafe,Suðurlandsvegur,"Suðurlandsvegur, 816 Ölfus",,64.057665,-21.5014598,,,
Lóa,Food & drink,Restaurant,Laugavegur,"Laugavegur 99, 101",,64.14349,-21.916452,,,
lóla,Food & drink,Restaurant,Tryggvagata,"Tryggvagata 11, 101 Reykjavík",,64.1499474,-21.9426487,,,
Loving Hut,Food & drink,Restaurant,Aðalstræti,"Aðalstræti 2, 101 Reykjavík",https://lovinghut.com/is/,64.1486314,-21.9420647,,,
Loving Hut,Food & drink,Restaurant,Laugavegur,"Laugavegur 164, 105 Reykjavík",https://www.lovinghut.com/is/,64.1422728,-21.9052397,,,
Maika'i,Food & drink,Cafe,Reykjavik,,,64.1487586,-21.9374269,,,
Maika'i superfood bar,Food & drink,Restaurant,Reykjavik,,,64.1462442,-21.9330512,,,
Makake.,Food & drink,Restaurant,Grandagarður,"Grandagarður 101, 101 Reykjavík",https://makake.is/,64.1557039,-21.941773,,,
Mál og Menning,Food & drink,Cafe,Reykjavik,,,64.1458314,-21.9302659,,,
Mama Reykjavik,Food & drink,Restaurant,Bankastræti,"Bankastræti 2, 101 Reykjavík",https://mama.is/restaurant,64.1469739,-21.9356729,,,
Mama Reykjavík,Food & drink,Restaurant,Laugavegur,"Laugavegur 2, 101 Reykjavík",https://www.mamareykjavik.is/,64.146364,-21.9328025,,,
Mandi,Food & drink,Restaurant,Reykjavik,,,64.099599,-21.8837213,,,
MAR Seafood,Food & drink,Restaurant,Frakkastígur,"Frakkastígur 8b, 101 Reykjavík",https://mar-seafood.is,64.1451842,-21.9248702,,,
Matarkjallarinn,Food & drink,Restaurant,Aðalstræti,"Aðalstræti 2, 101 Reykjavík",https://matarkjallarinn.is/,64.1485309,-21.9417624,,,
Mathús Garðabæjar,Food & drink,Restaurant,Garðatorg,"Garðatorg 4b, 210 Garðabær",mathus210.com,64.0886829,-21.9219558,,,
Matur og Drykkur,Food & drink,Restaurant,Reykjavik,,https://www.maturogdrykkur.is/,64.1526709,-21.9513221,,,
Matwerk,Food & drink,Restaurant,Laugavegur,"Laugavegur, 101 Reykjavík",,64.1432926,-21.9172894,,,
Messinn,Food & drink,Restaurant,Reykjavik,,,64.1465625,-21.9378295,,,
meze,Food & drink,Restaurant,Reykjavik,,,64.1449,-21.9254241,,,
Milanó,Food & drink,Cafe,Reykjavik,108,http://cafemilano.is,64.1296942,-21.867484,,,
Milli Hrauna,Food & drink,Restaurant,Reykjavik,,https://millihrauna.is/,64.0813341,-21.9379767,,,
MiniGarðurinn,Food & drink,Restaurant,Skútuvogur,"Skútuvogur 2, 104 Reykjavík",https://www.minigardurinn.is,64.1402625,-21.8489882,,,
Mixed,Food & drink,Restaurant,Reykjavik,,https://www.mixed.is,64.1431872,-21.9122784,,,
Mokka,Food & drink,Cafe,Reykjavik,,https://mokka.is,64.146025,-21.9323548,,,
Monkeys,Food & drink,Restaurant,Reykjavik,,https://monkeys.is/,64.1459789,-21.9294555,,,
Mosfellsbakari,Food & drink,Cafe,Bjarkarholt,"Bjarkarholt 3-5, 270 Mosfellsbær",https://mosfellsbakari.is/,64.1654361,-21.6972658,,,
Mossley,Food & drink,Restaurant,Reykjavik,,https://mossley.is/,64.1110576,-21.9184396,,,
Múlakaffi,Food & drink,Cafe,Reykjavik,,https://www.mulakaffi.is/,64.1390088,-21.8861484,,,
Mýrin Brassiere,Food & drink,Restaurant,Reykjavik,,,64.1517286,-21.9524762,,,
NaNaThai,Food & drink,Restaurant,Reykjavik,,http://www2.btnet.is/nanathai/,64.1315789,-21.8712744,,,
Napoli,Food & drink,Restaurant,Reykjavik,,,64.148606,-21.9396649,,,
Nauthóll Bistro,Food & drink,Cafe,Nauthólsvegur,"Nauthólsvegur 106, 102",,64.1226155,-21.9254025,,,
Ning's Restaurant,Food & drink,Restaurant,Reykjavik,,,64.1289449,-21.8107534,,,
Nings,Food & drink,Restaurant,Reykjavik,,,64.0963312,-21.8901149,,,
No Concept,Food & drink,Restaurant,Reykjavik,,https://noconcept.is/,64.1472884,-21.9339515,,,
Noodle Station,Food & drink,Restaurant,Reykjavik,,,64.1299665,-21.894339,,,
Norðurbakkinn,Food & drink,Cafe,Bæjartorg,"Bæjartorg 75, 220",https://www.pallett.is/,64.069558,-21.9595867,,,
Nü - Asian Fusion,Food & drink,Restaurant,Garðatorg,"Garðatorg 6, 210 Garðabær",https://nu210.is/,64.0883845,-21.9208298,,,
Nútrí Açaí Bar,Food & drink,Restaurant,Háaleitisbraut,"Háaleitisbraut 58-60, 108 Reykjavík",https://www.nutri.is/,64.1326987,-21.8833598,,,
Ogolúgo,Food & drink,Restaurant,Reykjavik,,,64.1437,-21.9183397,,,
Old Harbour House,Food & drink,Restaurant,Reykjavik,,http://www.casagrande.is/,64.1511479,-21.9443846,,,
Olifa - La Madre Pizza,Food & drink,Restaurant,Reykjavik,,https://www.olifapizzeria.is/,64.1394385,-21.8818983,,,
Osushi,Food & drink,Restaurant,Tryggvagata,"Tryggvagata 13, 101 Reykjavík",,64.1496564,-21.942012,,,
ÓX,Food & drink,Restaurant,Laugavegur,"Laugavegur 28, 101 Reykjavík",https://ox.restaurant/,64.1452881,-21.9277147,,,
Pallett,Food & drink,Cafe,Reykjavik,,https://www.facebook.com/pallettkaffi/,64.0630182,-21.9576984,,,
Pallett kaffikompaní slf,Food & drink,Cafe,Norðurbakki,"Norðurbakki 75, 220",https://www.pallett.is/,64.0699778,-21.9647007,,,
Pho Vietnamese,Food & drink,Restaurant,Reykjavik,,,64.1489038,-21.9408098,,,
Pítan,Food & drink,Restaurant,Skipholt,"Skipholt, 105 Reykjavík",,64.1399975,-21.9006588,,,
Pizza Hut,Food & drink,Restaurant,Staðarberg,"Staðarberg 2-4, 221 Hafnarfjörður",https://www.pizzahut.is/,64.0664212,-21.9362299,,,
Pizza Popolare,Food & drink,Restaurant,Reykjavik,,,64.1477092,-21.9382381,,,
Pizzan,Food & drink,Restaurant,Reykjavik,,https://pizzan.is/,64.1503444,-21.9602462,,,
Plan B,Food & drink,Restaurant,Reykjavik,,,64.0796763,-21.9404024,,,
Plantan Bistro,Food & drink,Restaurant,Reykjavik,,https://www.plantankaffihus.is/plantan-bistro,64.1382343,-21.9467438,,,
Plantan Kaffihús,Food & drink,Cafe,Reykjavik,101,https://www.plantankaffihus.is/,64.1425393,-21.9205199,,,
Potturinn og Pannan,Food & drink,Restaurant,Reykjavik,,,64.1413198,-21.9045977,,,
Primo,Food & drink,Restaurant,Reykjavik,101,https://primo.is/,64.1466748,-21.9342896,,,
Public House Gastropub,Food & drink,Restaurant,Reykjavik,,,64.1454378,-21.9283529,,,
Pulsa,Food & drink,Restaurant,Reykjavik,,,64.1432095,-21.9149344,,,
punk,Food & drink,Restaurant,Hverfisgata,"Hverfisgata 20, 101 Reykjavík",,64.1467605,-21.931446,,,
Rakang Thai,Food & drink,Restaurant,Hraunbær,"Hraunbær 102, 110 Reykjavík",,64.1171026,-21.7988369,,,
Ramen Momo,Food & drink,Restaurant,Tryggvagata,"Tryggvagata 16, 101 Reykjavík",https://ramenmomo.is/,64.1499125,-21.9430848,,,
Restó,Food & drink,Restaurant,Rauðarárstígur,"Rauðarárstígur, 105 Reykjavík",https://www.resto.is/,64.141384,-21.914158,,,
Reykjavik Chips,Food & drink,Restaurant,Vitastígur,"Vitastígur 10, 101 Reykjavík",,64.1440658,-21.9221623,,,
Reykjavik Fish,Food & drink,Restaurant,Reykjavik,,https://www.reykjavikfish.is/,64.1444589,-21.9256033,,,
Reykjavik Kitchen,Food & drink,Restaurant,Rauðarárstígur,"Rauðarárstígur 8, 105 Reykjavík",https://reykjavikkitchen.is/,64.1426546,-21.9141492,,,
Reykjavik Kitchen,Food & drink,Restaurant,Rauðarárstígur,Rauðarárstígur 8,,64.1426958,-21.9141402,,,
Reykjavík Pizzeria,Food & drink,Restaurant,Bragagata,"Bragagata 38a, 101",https://reykjavikpizzeria.is/,64.1423285,-21.9310521,,,
Reykjavik Roasters,Food & drink,Cafe,Reykjavik,,,64.1120346,-21.9099089,,,
Reykjavík Roasters,Food & drink,Cafe,Kárastígur,"Kárastígur 1, 101 Reykjavík",https://reykjavikroasters.is/,64.143565,-21.926615,,,
Reykjavík Roasters,Food & drink,Cafe,Brautarholt,"Brautarholt 1, 105 Reykjavík",https://reykjavikroasters.is/,64.1416583,-21.9114552,,,
Reykjavík Roasters,Food & drink,Cafe,Freyjugata,"Freyjugata 41, 101 Reykjavík",https://reykjavikroasters.is,64.1408903,-21.9283174,,,
Reykjavík Roasters - Gerðarsafn,Food & drink,Cafe,Hamraborg,"Hamraborg, 200 Kópavogur",https://reykjavikroasters.is/kaffihusin/,64.1120692,-21.9098468,,,
Reykjavik Röst,Food & drink,Cafe,Reykjavik,,,64.150968,-21.9435557,,,
RIF Restaurant,Food & drink,Restaurant,Reykjavik,,,64.0680073,-21.956393,,,
Ristorante Caruso,Food & drink,Restaurant,Austurstræti,"Austurstræti 22, 101 Reykjavík",http://www.caruso.is,64.1472741,-21.9371564,,,
Rok,Food & drink,Restaurant,Reykjavik,101,https://www.rokrestaurant.is/,64.1429491,-21.9271934,,,
Rossopomodoro,Food & drink,Restaurant,Laugavegur,"Laugavegur 40A, 101 Reykjavík",https://www.rossopomodoro.is/,64.1448862,-21.9256395,,,
Ruan thai,Food & drink,Restaurant,Laugavegur,"Laugavegur, 101 Reykjavík",,64.1444714,-21.9224299,,,
Ruby Tuesday,Food & drink,Restaurant,Reykjavik,,,64.125034,-21.8097593,,,
Sægreifinn,Food & drink,Restaurant,Geirsgata,"Geirsgata 8, 101 Reykjavík",http://www.saegreifinn.is,64.1508111,-21.9440241,,,
Sæta Svínið,Food & drink,Restaurant,Reykjavik,,https://saetasvinid.is,64.1484708,-21.9412026,,,
Saffran,Food & drink,Restaurant,Reykjavik,,,64.1044968,-21.8757587,,,
Saffran,Food & drink,Restaurant,Fákafen,"Fákafen 11, 108 Reykjavík",https://www.saffran.is/,64.1295461,-21.8641971,,,
Salatbarinn Buffet Restaurant,Food & drink,Restaurant,Fákafen,"Fákafen 11, 108 Reykjavík",http://salatbarinn.is/,64.1297444,-21.8663448,,,
Salka Valka,Food & drink,Restaurant,Skólavörðustígur,Skólavörðustígur 23,https://salkakitchen.com/,64.1441898,-21.9297323,,,
SATT,Food & drink,Restaurant,Reykjavik,102,,64.1306117,-21.9325927,,,
Scandinavian Smørrebrød & brasserie,Food & drink,Restaurant,Laugavegur,"Laugavegur 22a, 101 Reykjavík",https://www.scandinavian.is/,64.1455839,-21.9288984,,,
Seajorg,Food & drink,Restaurant,Reykjavik,,,64.1133666,-21.8874528,,,
Serrano,Food & drink,Restaurant,Nýbýlavegur,"Nýbýlavegur 8, 200 Kópavogur",,64.1142619,-21.8956721,,,
Shalimar,Food & drink,Restaurant,Reykjavík,Reykjavík,,64.1478842,-21.9405991,,,
Shanghai,Food & drink,Restaurant,Reykjavik,,,64.1467828,-21.9386839,,,
Silfurtunglið,Food & drink,Restaurant,Snorrabraut,"Snorrabraut 37, 105",https://www.facebook.com/silfurtunglid,64.1423531,-21.9167731,,,
Sjáland,Food & drink,Restaurant,Reykjavik,,https://www.sjaland210.is/,64.09365,-21.9324791,,,
Sjávargrillið,Food & drink,Restaurant,Skólavörðustígur,"Skólavörðustígur 14, 101 Reykjavík",https://sjavargrillid.is/,64.1452183,-21.9315901,,,
Skál!,Food & drink,Restaurant,Reykjavik,,http://skalrvk.com/,64.143211,-21.9141507,,,
Skalli,Food & drink,Restaurant,Ögurhvarf,"Ögurhvarf 2, 203 Kópavogur",,64.0955828,-21.8045362,,,
Skólabrú,Food & drink,Restaurant,Reykjavik,,,64.146555,-21.9385892,,,
Skor,Food & drink,Cafe,Geirsgata,"Geirsgata 2, 101 Reykjavík",https://www.glacierfire.is/ice&fries/,64.1487883,-21.9371538,,,
Smurstöðin,Food & drink,Restaurant,Austurbakki,"Austurbakki 2, 101 Reykjavík",,64.1503958,-21.9333604,,,
Snaps,Food & drink,Restaurant,Reykjavik,,https://www.snaps.is/,64.1440539,-21.9316788,,,
Sólon,Food & drink,Restaurant,Bankastræti,"Bankastræti, 101 Reykjavík",https://solon.is/,64.14675,-21.933706,,,
Spíran,Food & drink,Cafe,Reykjavik,,https://kokkarnir.is/spiran/,64.1042342,-21.8597733,,,
Starbucks,Food & drink,Cafe,Laugavegur,"Laugavegur 66, 101 Reykjavík",https://www.starbucks.is/is,64.1440068,-21.920981,,,
Steikhúsið,Food & drink,Restaurant,Tryggvagata,"Tryggvagata 4-6, 101 Reykjavík",http://www.steak.is,64.1506238,-21.944147,,,
Stökk,Food & drink,Restaurant,Laugavegur,"Laugavegur 95-99, 101",,64.1433647,-21.9168381,,,
Studio 29,Food & drink,Cafe,Reykjavik,,,64.1432258,-21.9158672,,,
Súfistinn,Food & drink,Cafe,Reykjavik,,,64.0697169,-21.9572326,,,
Sukho Thai,Food & drink,Restaurant,Hamraborg,"Hamraborg, 200 Kópavogur",,64.1126799,-21.902558,,,
Sumac,Food & drink,Restaurant,Laugavegur,"Laugavegur 28, 101 Reykjavík",https://www.sumac.is/,64.1453543,-21.9277427,,,
Sushi Social,Food & drink,Restaurant,Þingholtsstræti,"Þingholtsstræti 5, 101",http://sushisamba.is/?lang=en,64.1464498,-21.9345198,,,
Sushibarinn,Food & drink,Restaurant,Suðurlandsbraut,"Suðurlandsbraut, 108",,64.1396449,-21.8827033,,,
Taj Mahal,Food & drink,Restaurant,Tryggvagata,"Tryggvagata 26, 101 Reykjavík",https://tryggvagata.tajmahal.is/,64.1484838,-21.9391263,,,
Tapas barinn,Food & drink,Restaurant,Vesturgata,"Vesturgata 3b, 101 Reykjavík",http://www.tapas.is,64.1486545,-21.942186,,,
Te & Kaffi,Food & drink,Cafe,Borgartún,"Borgartún 21, 105 Reykjavík",https://www.teogkaffi.is,64.146042,-21.9011754,,,
Te & Kaffi,Food & drink,Cafe,Skólavörðustígur,"Skólavörðustígur 11, 101 Reykjavík",,64.145255,-21.930959,,,
Te & Kaffi,Food & drink,Cafe,Hamraborg,"Hamraborg 10, 200 Kópavogur",https://www.teogkaffi.is,64.1119295,-21.9062055,,,
Te & Kaffi,Food & drink,Cafe,Menntavegur,"Menntavegur 1, 102 Reykjavík",https://www.teogkaffi.is,64.1236899,-21.9264807,,,
Te & Kaffi,Food & drink,Cafe,Laugavegur,"Laugavegur 77, 101 Reykjavík",https://www.teogkaffi.is/products/laugavegur-77,64.1439696,-21.919986,Q29052028,,
Te & Kaffi,Food & drink,Cafe,Laugavegur,"Laugavegur 27, 101 Reykjavík",,64.1455364,-21.9280781,,,
Te & Kaffi,Food & drink,Cafe,Aðalstræti,"Aðalstræti 9, 101 Reykjavík",https://www.teogkaffi.is,64.1476037,-21.9420055,Q29052028,,
Te & Kaffi,Food & drink,Cafe,Hafnarstræti,"Hafnarstræti 20, 101 Reykjavík",https://www.teogkaffi.is,64.1477029,-21.9364041,,,
Te & Kaffi,Food & drink,Cafe,Kringlan,"Kringlan 4-12, 103 Reykjavík",https://www.teogkaffi.is,64.1301713,-21.8949472,,,
Te & Kaffi,Food & drink,Cafe,Hagasmári,"Hagasmári 1, 201 Kópavogur",https://www.teogkaffi.is,64.1011418,-21.8827546,,,
Te & Kaffi,Food & drink,Cafe,Suðurlandsbraut,"Suðurlandsbraut 8, 108 Reykjavík",https://www.teogkaffi.is,64.1397281,-21.8832383,,,
Te & Kaffi - Micro Roast,Food & drink,Cafe,Laugavegur,"Laugavegur 107, 105 Reykjavík",,64.1431218,-21.9144058,Q29052028,,
Teni Reataurant,Food & drink,Restaurant,Reykjavik,,,64.1455896,-21.9179244,,,
TGI Fridays,Food & drink,Restaurant,Reykjavik,,,64.1007603,-21.8810104,,,
ThaiViet,Food & drink,Restaurant,Reykjavik,,,64.111631,-21.8503403,,,
The Harbour Restaurant,Food & drink,Restaurant,Reykjavik,,,64.1507744,-21.9429616,,,
The Hungry Chef Cafe,Food & drink,Cafe,Reykjavik,,,64.1497321,-21.9416477,,,
The Laundromat Cafe,Food & drink,Cafe,Austurstræti,Austurstræti 9,,64.1478478,-21.939552,,,
The Sushi Train,Food & drink,Restaurant,Reykjavik,,,64.1498696,-21.942093,,,
Tian Chinese Restaurant,Food & drink,Restaurant,Grensásvegur,"Grensásvegur, 108 Reykjavík",,64.1319987,-21.8741374,,,
TIDES,Food & drink,Restaurant,Austurbakki,"Austurbakki 2, 101 Reykjavík",https://www.tidesrestaurant.is/,64.1500596,-21.9353519,,,
TIDES Café,Food & drink,Cafe,Austurbakki,"Austurbakki 2, 101 Reykjavík",https://www.tidesrestaurant.is/,64.1498292,-21.9357945,,,
Tilveran Veitingahús,Food & drink,Restaurant,Reykjavik,,,64.0691567,-21.9577746,,,
Tokyo sushi,Food & drink,Restaurant,Nýbýlavegur,"Nýbýlavegur 4, 200 Kópavogur",,64.114344,-21.897198,,,
Torfan veitingahús,Food & drink,Restaurant,Amtmannsstígur,"Amtmannsstígur 1, 101 Reykjavík",https://www.torfan.is/,64.1464589,-21.9362887,,,
Traditional Polish Food,Food & drink,Restaurant,Grandagarður,"Grandagarður 13, 101 Reykjavík",https://www.instagram.com/polishfoodgrandi/,64.1533469,-21.949791,,,
Viet Express Food,Food & drink,Restaurant,Laugavegur,"Laugavegur 178, 105",https://vietexpress.is,64.1405647,-21.8971217,,,
Viet Noodles,Food & drink,Restaurant,Grandagarður,"Grandagarður, 101 Reykjavík",,64.1532577,-21.9503159,,,
Vietnam,Food & drink,Restaurant,Suðurlandsbraut,"Suðurlandsbraut, 108",,64.1397901,-21.8839006,,,
Viking,Food & drink,Restaurant,Grensásvegur,"Grensásvegur, 108",,64.1323942,-21.8728366,,,
Víking Brugghús,Food & drink,Restaurant,Reykjavik,,,64.1506568,-21.7891997,,,
Von Mathús,Food & drink,Restaurant,Reykjavik,220,https://vonmathus.is/,64.0631265,-21.9573573,,,
Wok On,Food & drink,Restaurant,Reykjavik,,,64.1032923,-21.8772703,,,
Yndisauki,Food & drink,Cafe,Efstaleiti,"Efstaleiti 25B, 103 Reykjavík",https://yndisauki.is/bistro-kaffihus/,64.12656,-21.8911739,,,
Zorbian,Food & drink,Restaurant,Reykjavik,,https://www.zorbianreykjavik.com/,64.1500431,-21.960007,,,
Þrír Frakkar,Food & drink,Restaurant,Baldursgata,"Baldursgata 14, 101",,64.1423094,-21.9336771,,,
Hafnarhaus,Coworking & learning,Coworking,Tryggvagata,"Tryggvagata 17, 101 Reykjavík",https://hafnar.haus,64.1491517,-21.9411315,,,
Austurbær,Culture & live arts,Theatre,Snorrabraut,"Snorrabraut 37, 105 Reykjavík",,64.1422217,-21.9168905,,,
Bæjarbíó,Culture & live arts,Cinema,Reykjavik,,,64.0696169,-21.957716,,,
Bæjarleikhúsið,Culture & live arts,Theatre,Þverholt,"Þverholt 25, 270 Mosfellsbær",,64.167785,-21.703438,,,
Bíó Paradís,Culture & live arts,Cinema,Hverfisgata,"Hverfisgata 54, 101 Reykjavík",https://bioparadis.is/,64.1457098,-21.9260045,Q65336375,,
Borgarleikhúsið,Culture & live arts,Theatre,Listabraut,"Listabraut 3, 103",,64.1290102,-21.8963947,Q893530,,
Gallery 16C,Culture & live arts,Arts centre,Dalvegur,"Dalvegur 16C, 201",https://www.jonadolf.com,64.10536,-21.871314,,,
Harpa,Culture & live arts,Theatre,Austurbakki,"Austurbakki 2, 101 Reykjavík",https://www.harpa.is/,64.1503963,-21.9328637,Q1783706,,
Junior Chamber Island,Culture & live arts,Arts centre,Reykjavik,,,64.1430447,-21.9365272,,,
Laugarásbíó,Culture & live arts,Cinema,Reykjavik,,,64.1481229,-21.8670835,,,
Leikhópurinn Lotta,Culture & live arts,Theatre,Reykjavik,,,64.1183151,-21.8365896,,,
Leikhúsið,Culture & live arts,Theatre,Reykjavik,,,64.0971524,-21.8719306,,,
Red Rock Cinema,Culture & live arts,Cinema,Reykjavik,,,64.1426521,-21.9362451,,,
Salurinn,Culture & live arts,Arts centre,Reykjavik,,,64.1119515,-21.9090108,,,
Salurinn,Culture & live arts,Theatre,Hamraborg,"Hamraborg 6, 200 Kópavogur",,64.1118964,-21.9089472,Q16424819,,
Sambíóin Álfabakka,Culture & live arts,Cinema,Álfabakki,"Álfabakki 8, 109",,64.1079714,-21.8446212,,,
Sambíóin Egilshöll,Culture & live arts,Cinema,Reykjavik,,https://www.sambio.is,64.1467533,-21.7716476,,,
Sambíóin Kringlunni,Culture & live arts,Cinema,Kringlan,"Kringlan, 103",https://www.sambio.is,64.129921,-21.8946529,,,
Smárabíó,Culture & live arts,Cinema,Hagasmári,"Hagasmári 1, 201 Kópavogur",https://www.smarabio.is/smarabio,64.1009787,-21.8816525,,,
The Cinema,Culture & live arts,Cinema,Reykjavík,Reykjavík,,64.1507595,-21.9433211,,,
Tjarnarbíó,Culture & live arts,Theatre,Reykjavík,"12, 101 Reykjavík",https://www.tjarnarbio.is,64.1461472,-21.9437758,,,
Þjóðleikhúsið,Culture & live arts,Theatre,Hverfisgata,"Hverfisgata 19, 101 Reykjavík",https://leikhusid.is/,64.147279,-21.9311533,Q565455,CC BY-SA 3.0,/place-images/reykjavik/jo-leikhusi-52f6c2dd.jpg
Aðalstræti 10,Culture & live arts,Museum,Aðalstræti,"Aðalstræti 10, 101 Reykjavík",https://borgarsogusafn.is/is/borgarsogusafn-reykjavikur/um-borgarsogusafn/frettir/adalstraeti-10-elsta-hus-midborgarinnar-opnad,64.1478358,-21.9421359,Q16420327,Public domain,
Árbæjarsafn,Culture & live arts,Museum,Reykjavik,,,64.1184151,-21.818539,Q3481984,CC BY 4.0,
Arctic Photo,Culture & live arts,Gallery,Reykjavik,,,64.1441681,-21.9217185,,,
Art 67,Culture & live arts,Gallery,Laugavegur,"Laugavegur, 101 Reykjavík",,64.1443523,-21.9219399,,,
Art Ceramic Studio Gallery,Culture & live arts,Gallery,Skólavörðustígur,"Skólavörðustígur, 101 Reykjavík",,64.1429238,-21.9280824,,,
Art Gallery 101,Culture & live arts,Gallery,Reykjavik,,,64.1447581,-21.9247881,,,
Ásmundarsafn,Culture & live arts,Museum,Reykjavik,105,,64.1415662,-21.8852628,,,
Aurora Reykjavik Northern Lights Center,Culture & live arts,Museum,Fiskislóð,"Fiskislóð 53, 101",https://aurorareykjavik.is/,64.1563842,-21.9446856,,,
Bæjarins Beztu Pylsur,Culture & live arts,Attraction,Reykjavik,,https://bbp.is/,64.1481563,-21.9378392,,,
Bookless Bungalow,Culture & live arts,Museum,Reykjavik,"32, 220",,64.0706481,-21.9649974,,,
Búskapardýr,Culture & live arts,Attraction,Reykjavik,,,64.1388396,-21.8713617,,,
Byggðasafn Hafnarfjarðar,Culture & live arts,Museum,Reykjavik,,,64.0701355,-21.9594714,,,
Elding’s Whale Watching Centre,Culture & live arts,Attraction,Reykjavik,,http://www.whalewatching.is/,64.1520199,-21.9416815,,,
Fiskhöllin,Culture & live arts,Gallery,Reykjavik,,,64.1502473,-21.9436389,,,
Flæði,Culture & live arts,Gallery,Reykjavik,,,64.1496497,-21.943959,,,
Franski spítalinn,Culture & live arts,Attraction,Lindargata,"Lindargata 51, 101 Reykjavík",https://borgarsogusafn.is/sites/borgarsogusafn.is/files/atoms/files/skilti_2015_franski_spitalinn_web.pdf,64.1460969,-21.9231641,,,
Fuglar,Culture & live arts,Attraction,Reykjavik,,,64.1393662,-21.8718065,,,
Gallerí Fold,Culture & live arts,Gallery,Reykjavik,,,64.1424329,-21.9142848,,,
Gallerí undirgöng,Culture & live arts,Gallery,Hverfisgata,"Hverfisgata 76, 101 Reykjavík",https://www.facebook.com/p/Galler%C3%AD-undirg%C3%B6ng-Gallery-Underpass-100071073584734/?locale=ku_TR,64.1449721,-21.9223562,,,
Gerðarsafn,Culture & live arts,Museum,Hamraborg,"Hamraborg 4, 200 Kópavogur",,64.1120559,-21.9100369,Q16425087,,
Gjárétt,Culture & live arts,Attraction,Reykjavik,,,64.0425829,-21.8457132,,,
Gljúfrasteinn,Culture & live arts,Museum,Reykjavik,,,64.1809135,-21.5818503,Q2312229,,
Hafnarborg,Culture & live arts,Gallery,Reykjavik,,https://hafnarborg.is/,64.0676938,-21.955259,Q15961654,CC BY-SA 4.0,
Hallgrímskirkja,Culture & live arts,Attraction,Hallgrímstorg,"Hallgrímstorg 1, 101 Reykjavík",,64.1417953,-21.9268102,Q271466,CC BY-SA 2.0,
Heimilisfuglar,Culture & live arts,Attraction,Reykjavik,,,64.1395862,-21.8711165,,,
Herma,Culture & live arts,Gallery,Hverfisgata,"Hverfisgata 4, 101 Reykjavík",https://www.herma.is/,64.1473114,-21.9342641,,,
Hestar,Culture & live arts,Attraction,Reykjavik,,,64.1385402,-21.8706238,,,
Hið Íslenzka Reðasafn,Culture & live arts,Museum,Geirsgata,"Geirsgata 2, 101 Reykjavík",https://www.phallus.is/,64.1484683,-21.9357603,Q177174,CC BY-SA 3.0,
Höfði,Culture & live arts,Museum,Félagstún,"Félagstún 1, 105",,64.1465224,-21.9063601,Q1067075,CC BY-SA 3.0,/place-images/reykjavik/hof-i-deccf755.jpg
Höfuðstöðin,Culture & live arts,Gallery,Reykjavik,,https://hofudstodin.com,64.1233314,-21.834205,,,
Hönnunarsafn Íslands,Culture & live arts,Museum,Garðatorg,"Garðatorg 1, 210 Garðabær",https://www.honnunarsafn.is/,64.0890499,-21.9205556,Q66382972,,
Hreindýr,Culture & live arts,Attraction,Reykjavik,,,64.1391808,-21.8724148,,,
Hvalasýningin,Culture & live arts,Museum,Fiskislóð,"Fiskislóð 23-25, 101 Reykjavík",https://www.whalesoficeland.is/,64.1557079,-21.9488396,Q111937752,,
I8 Gallery,Culture & live arts,Gallery,Tryggvagata,"Tryggvagata 16, 101",https://i8.is/,64.1498302,-21.9429854,,,
Icelandic Punk Museum,Culture & live arts,Museum,Bankastræti,Bankastræti 2,,64.147028,-21.935909,,,
Innsigli,Culture & live arts,Attraction,Reykjavik,,,64.1392205,-21.8714294,,,
Kaolin Keramik Gallery,Culture & live arts,Gallery,Skólavörðustígur,"Skólavörðustígur 22, 101 Reykjavík",,64.1442401,-21.9303265,,,
Kjarvalsstaðir,Culture & live arts,Museum,Flókagata,"Flókagata, 105 Reykjavík",https://listasafnreykjavikur.is/kjarvalsstadir,64.1378705,-21.9139474,,,
Lava Show,Culture & live arts,Attraction,Reykjavik,,,64.1569946,-21.942965,,,
Leikskólalundur,Culture & live arts,Attraction,Reykjavik,,,64.1070928,-21.8848133,,,
Lifsverndarklukka,Culture & live arts,Attraction,Reykjavik,,,64.1478038,-21.9485466,,,
Listasafn ASÍ,Culture & live arts,Museum,Reykjavik,"41, 101",,64.1408851,-21.9283394,,,
Listasafn Einars Jónssonar,Culture & live arts,Museum,Reykjavik,,http://www.lej.is/,64.1418812,-21.9288973,Q3481715,Public domain,
Listasafn Íslands,Culture & live arts,Museum,Fríkirkjuvegur,"Fríkirkjuvegur 7, 101",,64.1441073,-21.9392189,Q3480309,CC BY-SA 3.0,
Listasafn Reykjavíkur,Culture & live arts,Museum,Reykjavik,,https://listasafnreykjavikur.is/,64.1490648,-21.9404443,Q3358410,Public domain,
Listasafn Sigurjóns Ólafssonar,Culture & live arts,Museum,Laugarnestangi,"Laugarnestangi 70, 105 Reykjavík",,64.1531215,-21.8870282,Q16420519,,
Ljósmyndasafn Reykjavíkur,Culture & live arts,Museum,Reykjavík,Reykjavík,,64.1494664,-21.9413926,Q16420866,,
Marshallhúsið,Culture & live arts,Gallery,Reykjavik,,https://marshallhusid.is/,64.1561311,-21.9389793,,,
Minør,Culture & live arts,Attraction,Reykjavík,Reykjavík,,64.1494032,-21.9383226,,,
Náttúrufræðistofa Kópavogs,Culture & live arts,Museum,Hamraborg,"Hamraborg 6a, 200 Kópavogur",https://natkop.kopavogur.is/,64.1116927,-21.9093056,Q16423229,,
Nullid,Culture & live arts,Gallery,Reykjavik,,,64.1471589,-21.9357915,,,
Nýlistasafnið,Culture & live arts,Gallery,Völvufell,"Völvufell 13-21, 111",https://www.nylo.is/,64.1010367,-21.8237951,,,
Óðinn,Culture & live arts,Attraction,Reykjavik,,,64.153238,-21.9470979,Q5969565,CC BY-SA 3.0,
Olith,Culture & live arts,Gallery,Reykjavik,,,64.1494484,-21.8719905,,,
Perlan,Culture & live arts,Attraction,Varmahlíð,"Varmahlíð 1, 105 Reykjavík",https://www.perlan.is,64.1292454,-21.9190281,Q1367886,CC BY-SA 3.0,
Rainbow street,Culture & live arts,Attraction,Reykjavik,,,64.1460224,-21.9325495,,,
Rauðhólar,Culture & live arts,Attraction,Reykjavik,,,64.0941947,-21.7563256,Q1145793,CC BY 2.0,
Reykjavík 871±2,Culture & live arts,Museum,Aðalstræti,"Aðalstræti 16, 101 Reykjavík",,64.1473511,-21.9427823,Q7319496,CC BY-SA 3.0,
Reykjavik Excursions,Culture & live arts,Attraction,Reykjavik,,https://www.re.is/,64.1374733,-21.9345086,,,
Safn Ásgríms Jónssonar,Culture & live arts,Museum,Reykjavik,"74, 101",,64.1399727,-21.9330005,,,
Safnahúsið,Culture & live arts,Museum,Hverfisgata,"Hverfisgata 15, 101 Reykjavík",,64.1473092,-21.932163,Q3481702,CC BY-SA 3.0,
Saga Museum,Culture & live arts,Museum,Grandagarður,"Grandagarður 2, 101",https://sagamuseum.is/,64.1525641,-21.9512766,Q16335762,CC BY-SA 3.0,
Sjóminjasafnið í Reykjavík,Culture & live arts,Museum,Grandagarður,"Grandagarður 8, 101 Reykjavík",https://borgarsogusafn.is/,64.1533108,-21.948576,Q7929434,CC BY 4.0,
Sky Lagoon,Culture & live arts,Attraction,Reykjavik,,https://www.skylagoon.com/,64.1164654,-21.9464351,Q108179001,CC BY-SA 4.0,
Steinbryggjan,Culture & live arts,Attraction,Reykjavík,101 Reykjavík,,64.1484676,-21.9379804,Q16427308,,
Sycamore Maple Tree,Culture & live arts,Attraction,Reykjavik,,,64.1467772,-21.9433298,,,
Tales from Iceland,Culture & live arts,Museum,Reykjavik,,,64.1426484,-21.9172648,,,
The recycled House,Culture & live arts,Attraction,Reykjavik,,,64.1524463,-21.8885769,,,
Tolli,Culture & live arts,Gallery,Koparslétta,"Koparslétta 14, 162 Reykjavík",https://tolli.is,64.1975266,-21.6955798,,,
Tónlistarsafn Íslands,Culture & live arts,Museum,Arngrímsgata,"Arngrímsgata 3, 107 Reykjavík",,64.1426715,-21.9506468,,,
Ufsaklettur,Culture & live arts,Attraction,Reykjavik,,https://ferlir.is/ufsaklettur-selsvor-storasel/,64.1513383,-21.9594355,,,
Vatnsgjáin,Culture & live arts,Attraction,Reykjavik,,,64.0430246,-21.8454627,,,
Víkin,Culture & live arts,Museum,Reykjavík,Reykjavík,http://www.sjominjasafn.is,64.1531874,-21.9488802,Q7929434,CC BY 4.0,
Þjóðminjasafn Íslands,Culture & live arts,Museum,Suðurgata,"Suðurgata 41, 102 Reykjavík",http://www.natmus.is,64.1419647,-21.9481297,Q626963,CC BY-SA 4.0,
Þjóðminjasafn Íslands - varðveisla,Culture & live arts,Museum,Reykjavik,,,64.1146924,-21.9323931,,,
Þúfa,Culture & live arts,Attraction,Reykjavik,,,64.1544021,-21.9338102,,CC BY-SA 4.0,
Alfholl Guesthouse,Stay & social,Hostel,Reykjavik,,,64.1494806,-21.9450267,,,
Baron's Hostel,Stay & social,Hostel,Reykjavik,,,64.1408905,-21.922344,,,
Bus Hostel Reykjavik - Reykjavik Terminal,Stay & social,Hostel,Skógarhlíð,"Skógarhlíð 10, 105 Reykjavík",http://wwwbushostelreykjavik.com,64.1341095,-21.9202806,Q111121741,,
Butterfly Guesthouse,Stay & social,Hostel,Reykjavik,,https://butterfly.is/,64.1495016,-21.9451769,,,
Eric the Red Guesthouse,Stay & social,Hostel,Eiríksgata,"Eiríksgata 6, 101 Reykjavík",,64.1404874,-21.9269726,Q111409556,,
Farfuglaheimilið í Laugardal,Stay & social,Hostel,Sundlaugavegur,"Sundlaugavegur 34, 105 Reykjavík",,64.1465749,-21.8747295,,,
Gistiheimili Norðurstjarnan,Stay & social,Hostel,Hringbraut,"Hringbraut 53, 101 Reykjavík",,64.1450601,-21.9531077,,,
Guesthouse Aurora,Stay & social,Hostel,Reykjavik,,https://www.aurorahouse.is,64.1421098,-21.9307662,,,
Hostel B47,Stay & social,Hostel,Barónsstígur,"Barónsstígur 47, 101",http://www.hostelb47.is,64.1407249,-21.9222263,Q111121748,,
KEX Hostel,Stay & social,Hostel,Reykjavik,,,64.1454053,-21.9195214,Q111458371,,
Lækur Hostel,Stay & social,Hostel,Reykjavik,,https://www.laekur.is/hostel/,64.1486975,-21.8852659,Q111121745,,
Lava Hostel,Stay & social,Hostel,Reykjavik,,https://lavahostel.is/,64.0757359,-21.9650785,,,
Loft Hostel,Stay & social,Hostel,Bankastræti,"Bankastræti 7, 101 Reykjavík",https://www.hostel.is/,64.1468003,-21.933862,,,
Nordic Hostel,Stay & social,Hostel,Reykjavik,105,https://nordichostel.is/,64.1407226,-21.9196274,,,
Pavi Apartments & Guesthouse,Stay & social,Hostel,Reykjavik,,,64.1417699,-21.9105575,,,
Reykjavík Downtown,Stay & social,Hostel,Vesturgata,"Vesturgata 17, 101",,64.1497531,-21.9442508,,,
Reykjavík Hostel Village,Stay & social,Hostel,Flókagata,"Flókagata 1, 105 Reykjavík",https://hostelvillage.is/,64.1397999,-21.9194698,,,
Sport Hostel Reykjavík,Stay & social,Hostel,Álfheimar,"Álfheimar 74-104, 104 Reykjavík",http://sporthostel.is/,64.1339801,-21.8683284,,,
Vibrant Iceland Hostel,Stay & social,Hostel,Reykjavik,,https://vibrant.is,64.0787288,-21.9391054,,,
Afrek,Fitness & outdoors,Fitness centre,Skógarhlíð,"Skógarhlíð 10, 105 Reykjavík",https://www.afrek.fitness,64.1340651,-21.9209947,,,
Árbæjarlaug,Fitness & outdoors,Sports centre,Fylkisvegur,"Fylkisvegur 9, 110 Reykjavík",,64.1121567,-21.7948872,,,
Ásvallalaug,Fitness & outdoors,Sports centre,Ásvellir,"Ásvellir 2, 221 Hafnarfjörður",,64.0519363,-21.9757826,,,
Ásvellir,Fitness & outdoors,Sports centre,Reykjavik,,,64.0526484,-21.9695753,,,
B yoga,Fitness & outdoors,Sports centre,Reykjavik,,https://www.byoga.is/,64.1217313,-21.8137541,,,
Breiðholtslaug,Fitness & outdoors,Sports centre,Reykjavik,,,64.1044797,-21.8189124,,,
CrossFit Hafnarfjörður,Fitness & outdoors,Fitness centre,Hvaleyrarbraut,"Hvaleyrarbraut, 220",,64.0590262,-21.9817565,,,
CrossFit Reykjavik,Fitness & outdoors,Fitness centre,Reykjavik,,,64.1290397,-21.8658137,,,
Crossfit XY,Fitness & outdoors,Fitness centre,Reykjavik,,,64.0783602,-21.9162326,,,
Dalslaug,Fitness & outdoors,Sports centre,Reykjavik,,,64.1322205,-21.7366381,,,
Digranes,Fitness & outdoors,Sports centre,Skálaheiði,"Skálaheiði 2, 200 Kópavogur",,64.1096772,-21.8721595,,,
Fylkishöllin,Fitness & outdoors,Sports centre,Fylkisvegur,"Fylkisvegur 6, 110",,64.112832,-21.7941505,,,
G FIT heilsurækt,Fitness & outdoors,Fitness centre,Reykjavik,,https://gfit.is/,64.086945,-21.9163557,,,
Grafarvogslaug,Fitness & outdoors,Sports centre,Reykjavik,"2, 112",,64.1383817,-21.7864956,,,
Grandi101,Fitness & outdoors,Fitness centre,Fiskislóð,"Fiskislóð 49-51, 101 Reykjavík",https://www.grandi101.is/,64.1563569,-21.9461904,,,
GYM Heilsa,Fitness & outdoors,Fitness centre,Hringbraut,"Hringbraut 77, 220 Hafnarfjörður",https://gymheilsa.is,64.0601672,-21.9619114,,,
GYM Heilsa,Fitness & outdoors,Fitness centre,Ásvellir,"Ásvellir 2, 221 Hafnarfjörður",https://gymheilsa.is,64.0520236,-21.9750216,,,
Hjólaskautahöllin,Fitness & outdoors,Sports centre,Sævarhöfði,"Sævarhöfði 33, 110",,64.1326868,-21.8267502,,,
Hnefaleikafélag Hafnarfjarðar,Fitness & outdoors,Fitness centre,Reykjavik,,,64.0797329,-21.9442849,,,
Hress,Fitness & outdoors,Fitness centre,Reykjavik,,https://www.hress.is/,64.0804221,-21.9437402,,,
Hreyfing,Fitness & outdoors,Fitness centre,Álfheimar,"Álfheimar 74, 104 Reykjavík",https://www.hreyfing.is,64.1346069,-21.8688919,,,
Íþróttafélag Reykjavíkur,Fitness & outdoors,Sports centre,Skógarsel,"Skógarsel 12, 109",,64.1034457,-21.8497656,,,
Íþróttafélag Reykjavíkur,Fitness & outdoors,Sports centre,Reykjavik,,,64.1040729,-21.848704,,,
Íþróttahús fatlaðra,Fitness & outdoors,Sports centre,Reykjavik,"14, 105",,64.1432016,-21.8938543,,,
Íþróttahús Hagaskóla,Fitness & outdoors,Sports centre,Neshagi,"Neshagi 3, 107 Reykjavík",,64.141906,-21.9588673,,,
Íþróttahús Melaskóla,Fitness & outdoors,Sports centre,Reykjavik,"1, 107",,64.1429734,-21.9572518,,,
Íþróttahús Réttarholtsskóla,Fitness & outdoors,Sports centre,Reykjavik,,,64.1230956,-21.8646203,,,
Íþróttahús Seljaskóla,Fitness & outdoors,Sports centre,Reykjavik,,,64.0958152,-21.8391806,,,
Íþróttahús Tækniskólans,Fitness & outdoors,Sports centre,Frakkastígur,"Frakkastígur 27, 101",,64.1422632,-21.9246311,,,
Íþróttahúsið Austurbergi,Fitness & outdoors,Sports centre,Austurberg,"Austurberg 3, 111 Reykjavík",,64.1045094,-21.8180517,,,
Íþróttahúsið Snæland,Fitness & outdoors,Sports centre,Víðigrund,"Víðigrund, 200",,64.115922,-21.8779645,,,
Íþróttamiðstöðin Ásgarði,Fitness & outdoors,Sports centre,Reykjavik,,,64.0885877,-21.9286614,,,
Íþróttamiðstöðin HK,Fitness & outdoors,Sports centre,Reykjavik,,,64.083195,-21.8250918,,,
Jakaból,Fitness & outdoors,Fitness centre,Smiðjuvegur (Grænn),"Smiðjuvegur (Grænn) 5, 200 Kópavogur",https://gymjakabolstore.company.site,64.111846,-21.8520695,,,
Katla Fitness,Fitness & outdoors,Fitness centre,Holtavegur,"Holtavegur 10, 104 Reykjavík",https://katlafitness.is,64.1418819,-21.8469081,,,
Katla Fitness,Fitness & outdoors,Fitness centre,Tjarnarvellir,"Tjarnarvellir 3, 221 Hafnarfjörður",https://katlafitness.is,64.0539578,-21.9706751,,,
Katla Fitness,Fitness & outdoors,Fitness centre,Lambhagavegur,"Lambhagavegur 15, 113 Reykjavík",https://katlafitness.is,64.1369253,-21.7580445,,,
Katla Fitness,Fitness & outdoors,Fitness centre,Faxafen,"Faxafen 14, 108 Reykjavík",https://katlafitness.is,64.128599,-21.8646451,,,
Katla Fitness,Fitness & outdoors,Fitness centre,Urðarhvarf,"Urðarhvarf 2, 203 Kópavogur",https://katlafitness.is,64.0954525,-21.8062841,,,
Katla Fitness,Fitness & outdoors,Fitness centre,Versalir,"Versalir 3, 201 Kópavogur",https://katlafitness.is,64.0920346,-21.8563611,,,
Katla Fitness,Fitness & outdoors,Fitness centre,Borgarholtsbraut,"Borgarholtsbraut 17, 200 Kópavogur",https://katlafitness.is,64.1107075,-21.9167738,,,
Klébergslaug,Fitness & outdoors,Sports centre,Reykjavik,,,64.2375413,-21.8275377,,,
Klifurhúsið,Fitness & outdoors,Sports centre,Ármúli,"Ármúli 23, 108 Reykjavík",https://klifurhusid.is/,64.136145,-21.8775569,,,
Lágafellslaug,Fitness & outdoors,Sports centre,Reykjavik,,,64.1650338,-21.7256452,,,
Laugardalshöll,Fitness & outdoors,Sports centre,Engjavegur,"Engjavegur 8, 104 Reykjavík",,64.1401085,-21.8769592,Q1448590,CC BY-SA 2.0,
Laugardalslaug,Fitness & outdoors,Sports centre,Sundlaugavegur,"Sundlaugavegur 30, 105 Reykjavík",https://www.reykjavik.is/sundlaugar,64.146157,-21.8793616,Q16420014,,
Mínus2,Fitness & outdoors,Fitness centre,Katrínartún,"Katrínartún 4, 105 Reykjavík",https://www.minus2.is,64.144497,-21.9076624,,,
Mjölnir,Fitness & outdoors,Fitness centre,Reykjavik,,,64.1308877,-21.9234426,,,
Pi Fitness Gym,Fitness & outdoors,Fitness centre,Dugguvogur,"Dugguvogur, 104",,64.1287559,-21.8487578,,,
Primal Iceland,Fitness & outdoors,Fitness centre,Faxafen,"Faxafen 12, 108 Reykjavík",https://www.primal.is/,64.1288045,-21.8654692,,,
Salalaug,Fitness & outdoors,Sports centre,Versalir,"Versalir 3, 201 Kópavogur",,64.0919452,-21.8560207,Q16424778,,
Samskipahöllin,Fitness & outdoors,Sports centre,Hestheimar,"Hestheimar 14-16, 203 Kópavogur",,64.0796518,-21.8319809,,,
Skypark,Fitness & outdoors,Sports centre,Reykjavik,,,64.0974045,-21.8128601,,,
Smárinn,Fitness & outdoors,Sports centre,Dalsmári,"Dalsmári 5, 201 Kópavogur",,64.1026612,-21.8981035,,,
Sporthúsið,Fitness & outdoors,Fitness centre,Dalsmári,"Dalsmári 9-11, 201 Kópavogur",https://www.sporthusid.is,64.1047052,-21.8935253,,,
Sundhöll Hafnarfjarðar,Fitness & outdoors,Sports centre,Reykjavik,,,64.0725655,-21.9681902,,,
Sundhöll Reykjavíkur,Fitness & outdoors,Sports centre,Barónsstígur,"Barónsstígur 45A, 101 Reykjavík",https://reykjavik.is/sundholl-reykjavikur,64.141664,-21.9203444,Q15767820,CC BY-SA 4.0,
Sundlaug Kópavogs,Fitness & outdoors,Sports centre,Reykjavik,,,64.110413,-21.9166167,Q16427825,,
Sundlaugin Bjarkarási,Fitness & outdoors,Sports centre,Reykjavik,,,64.1193692,-21.8498862,,,
Tennis- og Badmintonfélag Reykjavíkur,Fitness & outdoors,Sports centre,Reykjavik,"1, 104",,64.1352239,-21.8670064,,,
Thor's Power Gym,Fitness & outdoors,Fitness centre,Dalvegur,"Dalvegur 16B, 201 Kópavogur",,64.1047139,-21.8719777,,,
UltraForm,Fitness & outdoors,Fitness centre,Gylfaflöt,"Gylfaflöt 10, 112 Reykjavík",https://ultraform.is,64.1419672,-21.8040074,,,
Valsheimilið,Fitness & outdoors,Sports centre,Hlíðarendi,"Hlíðarendi 6, 102",,64.1331775,-21.9222539,,,
Varmárlaug,Fitness & outdoors,Sports centre,Reykjavik,,,64.1703698,-21.6897438,,,
Versalir,Fitness & outdoors,Sports centre,Versalir,"Versalir 3, 201 Kópavogur",,64.0921822,-21.8554433,,,
Verzlunarskóli Íslands,Fitness & outdoors,Sports centre,Ofanleiti,"Ofanleiti 1, 103 Reykjavík",,64.1278663,-21.8962157,Q1036708,,
Vesturbæjarlaug,Fitness & outdoors,Sports centre,Reykjavik,,https://reykjavik.is/vesturbaejarlaug,64.1444371,-21.9629107,,,
World Class,Fitness & outdoors,Fitness centre,Sundlaugavegur,"Sundlaugavegur 30A, 105 Reykjavík",https://www.worldclass.is,64.145153,-21.8793827,,,
World Class,Fitness & outdoors,Fitness centre,Fossaleynir,"Fossaleynir 1, 112 Reykjavík",https://www.worldclass.is,64.1472002,-21.7712932,,,
World Class,Fitness & outdoors,Fitness centre,Dalshraun,"Dalshraun 1, 220 Hafnarfjörður",https://www.worldclass.is,64.0829252,-21.9454576,,,
World Class,Fitness & outdoors,Fitness centre,Menntavegur,"Menntavegur 1, 102 Reykjavík",https://www.worldclass.is,64.1236899,-21.9266928,,,
World Class,Fitness & outdoors,Fitness centre,Reykjavik,,,64.1026206,-21.8798188,,,
World Class,Fitness & outdoors,Fitness centre,Lækjarhlíð,"Lækjarhlíð 1a, 270 Mosfellsbær",https://www.worldclass.is,64.1651157,-21.724987,,,
World Class,Fitness & outdoors,Fitness centre,Hagasmári,"Hagasmári 1, 201 Kópavogur",https://www.worldclass.is,64.1019531,-21.8852022,,,
World Class,Fitness & outdoors,Fitness centre,Bjargargata,"Bjargargata 1, 102 Reykjavík",https://www.worldclass.is,64.1366281,-21.9462955,,,
World Class,Fitness & outdoors,Fitness centre,Kringlan,"Kringlan 4-12, 103 Reykjavík",https://www.worldclass.is,64.1303043,-21.8958795,,,
World Class,Fitness & outdoors,Fitness centre,Fylkisvegur,"Fylkisvegur 6, 110 Reykjavík",https://www.worldclass.is,64.112866,-21.7935103,,,
World Class,Fitness & outdoors,Fitness centre,Austurberg,"Austurberg 3, 111 Reykjavík",https://www.worldclass.is,64.1048442,-21.8186445,,,
World Class,Fitness & outdoors,Fitness centre,Tjarnarvellir,"Tjarnarvellir 7, 221 Hafnarfjörður",https://www.worldclass.is,64.0534983,-21.9738987,,,
World Class,Fitness & outdoors,Fitness centre,Ögurhvarf,"Ögurhvarf 1, 203 Kópavogur",https://www.worldclass.is,64.0963821,-21.8045074,,,
World Class (WorldFit),Fitness & outdoors,Fitness centre,Kringlan,"Kringlan 1, 103 Reykjavík",https://www.worldclass.is,64.1299877,-21.8987582,,,
Yoga Shala,Fitness & outdoors,Fitness centre,Skeifan,"Skeifan 7, 108 Reykjavík",https://www.yogashala.is/,64.132232,-21.8691905,,,
Yogavin,Fitness & outdoors,Fitness centre,Grensásvegur,"Grensásvegur 16, 108 Reykjavík",https://yogavin.is/,64.1313655,-21.8747724,,,
Þórshamar,Fitness & outdoors,Sports centre,Reykjavik,,,64.1413901,-21.9045175,,,
Andrými,Community & learning,Community centre,Reykjavik,,https://andrymi.org/,64.1426061,-21.9237002,,,
Bókasafn Garðabæjar,Community & learning,Library,Garðatorg,"Garðatorg 7, 210 Garðabær",http://bokasafn.gardabaer.is/,64.088063,-21.9184163,,,
Bókasafn Hafnarfjarðar,Community & learning,Library,Reykjavik,,https://bokasafnhafnarfjardar.is/,64.0700115,-21.9578927,,,
Bókasafn Kópavogs,Community & learning,Library,Reykjavik,,https://bokasafn.kopavogur.is,64.1116232,-21.9089585,Q16422221,,
Bókasafn Móðurmáls,Community & learning,Library,Suðurlandsbraut,"Suðurlandsbraut 6, 108 Reykjavík",,64.1398963,-21.8845578,,,
Bókasafn Mosfellsbæjar,Community & learning,Library,Þverholt,"Þverholt 2, 270 Mosfellsbær",https://www.bokmos.is/,64.1675167,-21.6965788,,,
Borgarbókasafn Reykjavíkur,Community & learning,Library,Tryggvagata,"Tryggvagata 15, 101 Reykjavík",https://www.borgarbokasafn.is/,64.1493654,-21.9414165,Q16421571,,
Borgarbókasafn Reykjavíkur Kringlunni,Community & learning,Library,Reykjavik,,https://www.borgarbokasafn.is/bokasofn/kringlan,64.1295571,-21.8951937,,,
Borgarbókasafnið - Menningarhús Spönginni,Community & learning,Library,Spöngin,"Spöngin 41, 112 Reykjavík",https://borgarbokasafn.is/,64.1501205,-21.7859681,,,
Borgarbókasafnið Árbæ,Community & learning,Library,Hraunbær,"Hraunbær 119, 110 Reykjavík",,64.1181851,-21.796695,,,
Borgarbókasafnið Úlfarsárdal,Community & learning,Library,Reykjavik,,https://borgarbokasafn.is/bokasofn/ulfarsardalur,64.1320999,-21.7343329,,,
Fólkvangur,Community & learning,Community centre,Kollagrund,"Kollagrund 1, 116 Grundarhvefi",,64.2368333,-21.8245292,,,
Hitt Húsið,Community & learning,Community centre,Reykjavik,,https://hitthusid.is/,64.1198081,-21.8366885,,,
Laugabóli,Community & learning,Community centre,Reykjavik,,,64.1421891,-21.8784626,,,
Safnaðarheimili Dómkirkjunnar,Community & learning,Community centre,Lækjargata,"Lækjargata 14A, 101",,64.1456692,-21.9393828,Q16421202,CC BY-SA 2.0,
Sólheimasafn,Community & learning,Library,Sólheimar,"Sólheimar 23A, 104 Reykjavík",https://www.borgarbokasafn.is/desktopdefault.aspx/tabid-3071/4978_read-11587/,64.1341059,-21.8590097,,,
Þjóðarbókhlaðan,Community & learning,Library,Birkimelur,"Birkimelur 3, 107 Reykjavík",,64.1428344,-21.9507465,Q627423,CC BY-SA 4.0,
Þjóðskjalasafnið,Community & learning,Library,Laugavegur,"Laugavegur 162, 105 Reykjavík",https://skjalasafn.is/,64.1422783,-21.9066069,Q4798437,,
Bókabúð Sjónarlind,Culture & live arts,Bookshop,Reykjavik,,,64.1452878,-21.9323188,,,
Bókabúðin Grafarvogi,Culture & live arts,Bookshop,Reykjavik,,,64.1345784,-21.7985892,,,
Bókakjallarinn,Culture & live arts,Bookshop,Reykjavik,,,64.145721,-21.9276279,,,
Bókin,Culture & live arts,Bookshop,Klapparstígur,"Klapparstígur, 101",http://www.bokin.is,64.1462641,-21.9287261,,,
Bóksala stúdenta,Culture & live arts,Bookshop,Reykjavik,,https://boksala.is,64.1398937,-21.9504995,,,
Eymundsson,Culture & live arts,Bookshop,Reykjavik,,https://eymundsson.is/,64.0682423,-21.9550368,,,
Eymundsson,Culture & live arts,Bookshop,Skólavörðustígur,"Skólavörðustígur 11, 101 Reykjavík",,64.145201,-21.931104,,,
Forlagið,Culture & live arts,Bookshop,Fiskislóð,"Fiskislóð 39, 101 Reykjavík",https://www.forlagid.is,64.1571851,-21.9464453,,,
Iðnú Bookstore / Maps,Culture & live arts,Bookshop,Reykjavik,,,64.1418528,-21.908623,,,
Nexus,Culture & live arts,Bookshop,Álfheimar,"Álfheimar 74, 104 Reykjavík",https://nexus.is/,64.1336303,-21.8681481,,,
Penninn / Eymundsson,Culture & live arts,Bookshop,Laugavegur,"Laugavegur 77, 101",https://www.eymundsson.is/,64.1439654,-21.9199641,,,
Penninn Eymundsson,Culture & live arts,Bookshop,Reykjavik,,,64.1090603,-21.8433225,,,
Salka Bókabúð,Culture & live arts,Bookshop,Hverfisgata,Hverfisgata 89-93,https://www.salka.is/,64.1446555,-21.9195453,,,
Skálda,Culture & live arts,Bookshop,Reykjavik,,https://skalda.is/,64.1496056,-21.9431539,,,
